Id,Id Z-Score,MSSubClass,MSSubClass Z-Score,OverallQual,OverallQual Z-Score
1242,1.195665479904861,20,-0.8482523005069472,7,0.6793016200903408
1233,1.1737621645461789,90,0.7852459398090447,4,-1.4065784825412064
1401,1.582624051241579,50,-0.14818162608580787,6,-0.01599174745350831
1377,1.5242152102850934,30,-0.6148954090332341,6,-0.01599174745350831
208,-1.3207820846370668,20,-0.8482523005069472,4,-1.4065784825412064
1392,1.560720735882897,90,0.7852459398090447,5,-0.7112851149973574
980,0.5580356327965582,20,-0.8482523005069472,5,-0.7112851149973574
484,-0.6490804136374806,120,1.4853166142301841,6,-0.01599174745350831
392,-0.8729809706373427,60,0.08517526538790526,6,-0.01599174745350831
730,-0.05038979383350166,30,-0.6148954090332341,4,-1.4065784825412064
255,-1.2063981044306156,20,-0.8482523005069472,5,-0.7112851149973574
1094,0.8354776273398655,20,-0.8482523005069472,5,-0.7112851149973574
1021,0.6578174027638881,20,-0.8482523005069472,4,-1.4065784825412064
1341,1.4366019488503647,20,-0.8482523005069472,4,-1.4065784825412064
1025,0.667552209589969,20,-0.8482523005069472,8,1.3745949876341899
848,0.2367870075358866,20,-0.8482523005069472,5,-0.7112851149973574
457,-0.7147903597135271,70,0.3185321568616184,5,-0.7112851149973574
1266,1.2540743208613467,160,2.418744180125037,7,0.6793016200903408
695,-0.13556935356171004,50,-0.14818162608580787,5,-0.7112851149973574
24,-1.7685831986367908,120,1.4853166142301841,5,-0.7112851149973574
1314,1.3708920027743183,60,0.08517526538790526,9,2.069888355178039
514,-0.5760693624418735,20,-0.8482523005069472,6,-0.01599174745350831
1068,0.7722013829703394,60,0.08517526538790526,6,-0.01599174745350831
1423,1.6361654887850243,120,1.4853166142301841,6,-0.01599174745350831
1258,1.2346047072091848,30,-0.6148954090332341,5,-0.7112851149973574
620,-0.318096981550728,60,0.08517526538790526,8,1.3745949876341899
1213,1.125088130415774,30,-0.6148954090332341,4,-1.4065784825412064
71,-1.6541992184303396,20,-0.8482523005069472,7,0.6793016200903408
732,-0.04552239042046118,80,0.5518890483353315,7,0.6793016200903408
700,-0.12340084502910885,120,1.4853166142301841,7,0.6793016200903408
532,-0.5322627317245091,70,0.3185321568616184,6,-0.01599174745350831
1326,1.4000964232525612,30,-0.6148954090332341,4,-1.4065784825412064
988,0.5775052464487201,20,-0.8482523005069472,9,2.069888355178039
590,-0.3911080327463352,40,-0.381538517559521,5,-0.7112851149973574
916,0.4022787235792629,160,2.418744180125037,4,-1.4065784825412064
303,-1.089580422517644,20,-0.8482523005069472,7,0.6793016200903408
507,-0.5931052743875151,60,0.08517526538790526,8,1.3745949876341899
1416,1.6191295768393827,120,1.4853166142301841,7,0.6793016200903408
919,0.40957982869882364,60,0.08517526538790526,7,0.6793016200903408
1240,1.1907980764918205,20,-0.8482523005069472,8,1.3745949876341899
444,-0.7464284818982901,120,1.4853166142301841,7,0.6793016200903408
1206,1.1080522184701325,20,-0.8482523005069472,7,0.6793016200903408
831,0.19541407852504253,20,-0.8482523005069472,6,-0.01599174745350831
827,0.1856792716989616,45,-0.26486007182266447,5,-0.7112851149973574
1319,1.3830605113069194,20,-0.8482523005069472,8,1.3745949876341899
1053,0.7356958573725357,60,0.08517526538790526,6,-0.01599174745350831
83,-1.6249947979520967,20,-0.8482523005069472,8,1.3745949876341899
368,-0.9313898115938284,80,0.5518890483353315,6,-0.01599174745350831
699,-0.12583454673562908,20,-0.8482523005069472,5,-0.7112851149973574
1244,1.2005328833179014,20,-0.8482523005069472,10,2.7651817227218882
103,-1.5763207638216918,90,0.7852459398090447,5,-0.7112851149973574
61,-1.678536235495542,20,-0.8482523005069472,6,-0.01599174745350831
1150,0.9717649229049989,70,0.3185321568616184,7,0.6793016200903408
235,-1.2550721385610202,60,0.08517526538790526,6,-0.01599174745350831
853,0.24895551606848781,75,0.43521060259847494,7,0.6793016200903408
1131,0.9255245904811145,50,-0.14818162608580787,4,-1.4065784825412064
610,-0.34243399861593043,20,-0.8482523005069472,4,-1.4065784825412064
1080,0.8014058034485823,20,-0.8482523005069472,5,-0.7112851149973574
954,0.494759388427032,60,0.08517526538790526,5,-0.7112851149973574
329,-1.0263041781481177,75,0.43521060259847494,6,-0.01599174745350831
333,-1.0165693713220367,20,-0.8482523005069472,8,1.3745949876341899
946,0.4752897747748701,50,-0.14818162608580787,5,-0.7112851149973574
702,-0.11853344161606837,20,-0.8482523005069472,7,0.6793016200903408
505,-0.5979726778005555,160,2.418744180125037,6,-0.01599174745350831
389,-0.8802820757569033,20,-0.8482523005069472,7,0.6793016200903408
1234,1.176195866252699,20,-0.8482523005069472,5,-0.7112851149973574
687,-0.15503896721387198,60,0.08517526538790526,7,0.6793016200903408
1015,0.6432151925247667,20,-0.8482523005069472,6,-0.01599174745350831
1187,1.0618118860462478,190,3.118814854546176,3,-2.1018718500850557
219,-1.294011365865344,50,-0.14818162608580787,7,0.6793016200903408
28,-1.7588483918107098,20,-0.8482523005069472,8,1.3745949876341899
900,0.36333949627493906,20,-0.8482523005069472,5,-0.7112851149973574
1169,1.0180052553288834,70,0.3185321568616184,6,-0.01599174745350831
205,-1.3280831897566274,50,-0.14818162608580787,5,-0.7112851149973574
1121,0.901187573415912,30,-0.6148954090332341,6,-0.01599174745350831
1406,1.5947925597741803,120,1.4853166142301841,8,1.3745949876341899
834,0.20271518364460325,20,-0.8482523005069472,6,-0.01599174745350831
920,0.4120135304053439,20,-0.8482523005069472,6,-0.01599174745350831
395,-0.865679865517782,50,-0.14818162608580787,5,-0.7112851149973574
1106,0.8646820478181084,60,0.08517526538790526,8,1.3745949876341899
1143,0.9547290109593572,60,0.08517526538790526,8,1.3745949876341899
733,-0.04308868871394094,60,0.08517526538790526,7,0.6793016200903408
967,0.5263975106117951,50,-0.14818162608580787,5,-0.7112851149973574
102,-1.5787544655282122,60,0.08517526538790526,6,-0.01599174745350831
130,-1.5106108177456454,20,-0.8482523005069472,5,-0.7112851149973574
573,-0.43248096175717926,60,0.08517526538790526,7,0.6793016200903408
1030,0.6797207181225702,160,2.418744180125037,6,-0.01599174745350831
710,-0.09906382796390645,20,-0.8482523005069472,5,-0.7112851149973574
762,0.027488660775146008,30,-0.6148954090332341,5,-0.7112851149973574
534,-0.5273953283114686,20,-0.8482523005069472,1,-3.492458585172754
1454,1.711610241687152,20,-0.8482523005069472,5,-0.7112851149973574
1236,1.1810632696657395,70,0.3185321568616184,5,-0.7112851149973574
411,-0.8267406382134581,20,-0.8482523005069472,5,-0.7112851149973574
778,0.06642788807946984,20,-0.8482523005069472,5,-0.7112851149973574
1304,1.346554985709116,20,-0.8482523005069472,7,0.6793016200903408
242,-1.2380362266153786,30,-0.6148954090332341,5,-0.7112851149973574
334,-1.0141356696155166,120,1.4853166142301841,7,0.6793016200903408
663,-0.21344780817035772,20,-0.8482523005069472,6,-0.01599174745350831
1348,1.4536378607960063,20,-0.8482523005069472,8,1.3745949876341899
278,-1.15042296518065,20,-0.8482523005069472,4,-1.4065784825412064
1315,1.3733257044808385,20,-0.8482523005069472,4,-1.4065784825412064
243,-1.2356025249088582,50,-0.14818162608580787,5,-0.7112851149973574
1056,0.7429969624920965,20,-0.8482523005069472,6,-0.01599174745350831
1100,0.850079837578987,20,-0.8482523005069472,7,0.6793016200903408
1178,1.0399085706875657,50,-0.14818162608580787,6,-0.01599174745350831
1197,1.0861489031114502,60,0.08517526538790526,7,0.6793016200903408
422,-0.7999699194417355,20,-0.8482523005069472,6,-0.01599174745350831
699,-0.12583454673562908,20,-0.8482523005069472,5,-0.7112851149973574
534,-0.5273953283114686,20,-0.8482523005069472,1,-3.492458585172754
5,-1.8148235310606753,60,0.08517526538790526,8,1.3745949876341899
536,-0.5225279248984281,190,3.118814854546176,5,-0.7112851149973574
221,-1.2891439624523036,20,-0.8482523005069472,7,0.6793016200903408
1386,1.5461185256437755,50,-0.14818162608580787,4,-1.4065784825412064
879,0.31223176043801404,85,0.6685674940721881,5,-0.7112851149973574
152,-1.4570693802022001,20,-0.8482523005069472,8,1.3745949876341899
303,-1.089580422517644,20,-0.8482523005069472,7,0.6793016200903408
35,-1.7418124798650683,120,1.4853166142301841,9,2.069888355178039
1098,0.8452124341659465,120,1.4853166142301841,8,1.3745949876341899
394,-0.8681135672243022,30,-0.6148954090332341,4,-1.4065784825412064
1073,0.7843698915029406,50,-0.14818162608580787,5,-0.7112851149973574
849,0.23922070924240685,50,-0.14818162608580787,6,-0.01599174745350831
419,-0.8072710245612962,50,-0.14818162608580787,5,-0.7112851149973574
444,-0.7464284818982901,120,1.4853166142301841,7,0.6793016200903408
573,-0.43248096175717926,60,0.08517526538790526,7,0.6793016200903408
1295,1.3246516703504336,20,-0.8482523005069472,5,-0.7112851149973574
1087,0.8184417153942238,160,2.418744180125037,4,-1.4065784825412064
298,-1.101748931050245,60,0.08517526538790526,7,0.6793016200903408
138,-1.4911412040934835,90,0.7852459398090447,7,0.6793016200903408
552,-0.48358869759410433,20,-0.8482523005069472,5,-0.7112851149973574
659,-0.22318261499643868,50,-0.14818162608580787,6,-0.01599174745350831
918,0.4071461269923034,20,-0.8482523005069472,4,-1.4065784825412064
1167,1.013137851915843,20,-0.8482523005069472,8,1.3745949876341899
703,-0.11609973990954812,60,0.08517526538790526,8,1.3745949876341899
557,-0.4714201890615031,20,-0.8482523005069472,5,-0.7112851149973574
640,-0.26942294742032324,120,1.4853166142301841,8,1.3745949876341899
78,-1.637163306484698,50,-0.14818162608580787,5,-0.7112851149973574
937,0.45338645941618794,20,-0.8482523005069472,7,0.6793016200903408
241,-1.2404699283218987,20,-0.8482523005069472,8,1.3745949876341899
497,-0.6174422914527175,20,-0.8482523005069472,8,1.3745949876341899
1136,0.9376930990137157,30,-0.6148954090332341,6,-0.01599174745350831
127,-1.517911922865206,120,1.4853166142301841,6,-0.01599174745350831
89,-1.6103925877129752,50,-0.14818162608580787,3,-2.1018718500850557
1341,1.4366019488503647,20,-0.8482523005069472,4,-1.4065784825412064
1094,0.8354776273398655,20,-0.8482523005069472,5,-0.7112851149973574
362,-0.9459920218329498,50,-0.14818162608580787,5,-0.7112851149973574
158,-1.4424671699630787,60,0.08517526538790526,8,1.3745949876341899
888,0.3341350757966962,50,-0.14818162608580787,5,-0.7112851149973574
465,-0.6953207460613652,20,-0.8482523005069472,5,-0.7112851149973574
1216,1.1323892355353349,20,-0.8482523005069472,5,-0.7112851149973574
1301,1.339253880589555,60,0.08517526538790526,7,0.6793016200903408
1314,1.3708920027743183,60,0.08517526538790526,9,2.069888355178039
205,-1.3280831897566274,50,-0.14818162608580787,5,-0.7112851149973574
348,-0.9800638457242332,20,-0.8482523005069472,6,-0.01599174745350831
1113,0.8817179597637501,20,-0.8482523005069472,5,-0.7112851149973574
814,0.15404114951419848,20,-0.8482523005069472,6,-0.01599174745350831
600,-0.3667710156811328,160,2.418744180125037,6,-0.01599174745350831
1436,1.6678036109697876,20,-0.8482523005069472,6,-0.01599174745350831
94,-1.5982240791803741,190,3.118814854546176,6,-0.01599174745350831
998,0.6018422635139226,20,-0.8482523005069472,6,-0.01599174745350831
891,0.34143618091625694,50,-0.14818162608580787,5,-0.7112851149973574
982,0.5629030362095987,60,0.08517526538790526,8,1.3745949876341899
338,-1.0044008627894356,20,-0.8482523005069472,7,0.6793016200903408
1385,1.5436848239372554,50,-0.14818162608580787,6,-0.01599174745350831
1378,1.5266489119916136,50,-0.14818162608580787,5,-0.7112851149973574
553,-0.4811549958875841,20,-0.8482523005069472,8,1.3745949876341899
455,-0.7196577631265676,90,0.7852459398090447,5,-0.7112851149973574
1351,1.4609389659155672,90,0.7852459398090447,5,-0.7112851149973574
450,-0.7318262716591688,50,-0.14818162608580787,3,-2.1018718500850557
1050,0.728394752252975,20,-0.8482523005069472,4,-1.4065784825412064
319,-1.0506411952133201,60,0.08517526538790526,7,0.6793016200903408
883,0.321966567264095,60,0.08517526538790526,6,-0.01599174745350831
1102,0.8549472409920275,20,-0.8482523005069472,5,-0.7112851149973574
1460,1.7262124519262732,20,-0.8482523005069472,5,-0.7112851149973574
1285,1.3003146532852312,50,-0.14818162608580787,6,-0.01599174745350831
707,-0.10636493308346717,20,-0.8482523005069472,7,0.6793016200903408
588,-0.3959754361593757,85,0.6685674940721881,5,-0.7112851149973574
1288,1.307615758404792,20,-0.8482523005069472,5,-0.7112851149973574
607,-0.34973510373549116,20,-0.8482523005069472,5,-0.7112851149973574
493,-0.6271770982787984,60,0.08517526538790526,6,-0.01599174745350831
899,0.3609057945684188,20,-0.8482523005069472,9,2.069888355178039
262,-1.1893621924849738,60,0.08517526538790526,8,1.3745949876341899
795,0.10780081709031392,60,0.08517526538790526,7,0.6793016200903408
634,-0.28402515765944464,20,-0.8482523005069472,5,-0.7112851149973574
909,0.38524281163362123,20,-0.8482523005069472,5,-0.7112851149973574
890,0.3390024792097367,20,-0.8482523005069472,6,-0.01599174745350831
226,-1.2769754539197025,160,2.418744180125037,5,-0.7112851149973574
1155,0.9839334314376001,60,0.08517526538790526,7,0.6793016200903408
767,0.0396571693077472,60,0.08517526538790526,7,0.6793016200903408
1278,1.2832787413395896,80,0.5518890483353315,6,-0.01599174745350831
990,0.5823726498617606,60,0.08517526538790526,7,0.6793016200903408
262,-1.1893621924849738,60,0.08517526538790526,8,1.3745949876341899
825,0.1808118682859211,20,-0.8482523005069472,8,1.3745949876341899
1149,0.9693312211984787,50,-0.14818162608580787,7,0.6793016200903408
1093,0.8330439256333453,50,-0.14818162608580787,6,-0.01599174745350831
719,-0.0771605126052243,60,0.08517526538790526,7,0.6793016200903408
152,-1.4570693802022001,20,-0.8482523005069472,8,1.3745949876341899
820,0.1686433597533199,120,1.4853166142301841,7,0.6793016200903408
1272,1.2686765311004682,20,-0.8482523005069472,6,-0.01599174745350831
302,-1.092014124224164,60,0.08517526538790526,8,1.3745949876341899
56,-1.690704744028143,20,-0.8482523005069472,6,-0.01599174745350831
589,-0.39354173445285545,20,-0.8482523005069472,5,-0.7112851149973574
574,-0.430047260050659,80,0.5518890483353315,7,0.6793016200903408
418,-0.8097047262678164,70,0.3185321568616184,6,-0.01599174745350831
359,-0.9532931269525106,80,0.5518890483353315,5,-0.7112851149973574
530,-0.5371301351375496,20,-0.8482523005069472,6,-0.01599174745350831
1317,1.378193107893879,20,-0.8482523005069472,8,1.3745949876341899
13,-1.7953539174085134,20,-0.8482523005069472,5,-0.7112851149973574
734,-0.0406549870074207,20,-0.8482523005069472,5,-0.7112851149973574
677,-0.17937598427907436,70,0.3185321568616184,4,-1.4065784825412064
402,-0.8486439535721403,20,-0.8482523005069472,7,0.6793016200903408
431,-0.7780666040830533,160,2.418744180125037,6,-0.01599174745350831
157,-1.444900871669599,20,-0.8482523005069472,5,-0.7112851149973574
745,-0.013884268235698067,120,1.4853166142301841,8,1.3745949876341899
293,-1.1139174395828464,50,-0.14818162608580787,5,-0.7112851149973574
1161,0.9985356416767216,160,2.418744180125037,6,-0.01599174745350831
909,0.38524281163362123,20,-0.8482523005069472,5,-0.7112851149973574
1087,0.8184417153942238,160,2.418744180125037,4,-1.4065784825412064
1068,0.7722013829703394,60,0.08517526538790526,6,-0.01599174745350831
1176,1.0350411672745252,50,-0.14818162608580787,8,1.3745949876341899
1421,1.6312980853719838,60,0.08517526538790526,6,-0.01599174745350831
157,-1.444900871669599,20,-0.8482523005069472,5,-0.7112851149973574
1014,0.6407814908182464,30,-0.6148954090332341,5,-0.7112851149973574
96,-1.5933566757673336,60,0.08517526538790526,6,-0.01599174745350831
705,-0.11123233649650766,20,-0.8482523005069472,7,0.6793016200903408
271,-1.1674588771262917,60,0.08517526538790526,8,1.3745949876341899
1134,0.9328256956006752,60,0.08517526538790526,8,1.3745949876341899
367,-0.9338235133003486,20,-0.8482523005069472,6,-0.01599174745350831
423,-0.7975362177352152,20,-0.8482523005069472,5,-0.7112851149973574
418,-0.8097047262678164,70,0.3185321568616184,6,-0.01599174745350831
1102,0.8549472409920275,20,-0.8482523005069472,5,-0.7112851149973574
1283,1.2954472498721907,20,-0.8482523005069472,5,-0.7112851149973574
509,-0.5882378709744747,70,0.3185321568616184,7,0.6793016200903408
1354,1.4682400710351278,50,-0.14818162608580787,8,1.3745949876341899
381,-0.8997516894090652,50,-0.14818162608580787,5,-0.7112851149973574
1122,0.9036212751224323,20,-0.8482523005069472,7,0.6793016200903408
1252,1.2200024969700634,120,1.4853166142301841,7,0.6793016200903408
1018,0.6505162976443274,120,1.4853166142301841,8,1.3745949876341899
1057,0.7454306641986167,120,1.4853166142301841,7,0.6793016200903408
442,-0.7512958853113306,90,0.7852459398090447,4,-1.4065784825412064
1404,1.5899251563611398,20,-0.8482523005069472,8,1.3745949876341899
705,-0.11123233649650766,20,-0.8482523005069472,7,0.6793016200903408
346,-0.9849312491372737,50,-0.14818162608580787,6,-0.01599174745350831
1207,1.1104859201766526,20,-0.8482523005069472,4,-1.4065784825412064
1039,0.7016240334812524,160,2.418744180125037,4,-1.4065784825412064
563,-0.4568179788223817,30,-0.6148954090332341,5,-0.7112851149973574
837,0.21001628876416398,30,-0.6148954090332341,5,-0.7112851149973574
460,-0.7074892545939664,50,-0.14818162608580787,5,-0.7112851149973574
548,-0.49332350442018524,85,0.6685674940721881,5,-0.7112851149973574
226,-1.2769754539197025,160,2.418744180125037,5,-0.7112851149973574
993,0.5896737549813214,60,0.08517526538790526,6,-0.01599174745350831
1117,0.8914527665898311,80,0.5518890483353315,8,1.3745949876341899
1078,0.7965384000355418,20,-0.8482523005069472,5,-0.7112851149973574
1036,0.6943229283616916,20,-0.8482523005069472,4,-1.4065784825412064
386,-0.887583180876464,120,1.4853166142301841,8,1.3745949876341899
1000,0.606709666926963,20,-0.8482523005069472,7,0.6793016200903408
33,-1.7466798832781087,20,-0.8482523005069472,8,1.3745949876341899
514,-0.5760693624418735,20,-0.8482523005069472,6,-0.01599174745350831
1114,0.8841516614702704,20,-0.8482523005069472,5,-0.7112851149973574
221,-1.2891439624523036,20,-0.8482523005069472,7,0.6793016200903408
732,-0.04552239042046118,80,0.5518890483353315,7,0.6793016200903408
567,-0.4470831719963007,60,0.08517526538790526,9,2.069888355178039
1272,1.2686765311004682,20,-0.8482523005069472,6,-0.01599174745350831
183,-1.3816246273000727,20,-0.8482523005069472,5,-0.7112851149973574
1427,1.6459002956111053,60,0.08517526538790526,7,0.6793016200903408
829,0.19054667511200207,60,0.08517526538790526,5,-0.7112851149973574
555,-0.4762875924745436,60,0.08517526538790526,7,0.6793016200903408
1238,1.18593067307878,60,0.08517526538790526,7,0.6793016200903408
97,-1.5909229740608133,20,-0.8482523005069472,7,0.6793016200903408
407,-0.8364754450395391,50,-0.14818162608580787,6,-0.01599174745350831
501,-0.6077074846266365,160,2.418744180125037,6,-0.01599174745350831
329,-1.0263041781481177,75,0.43521060259847494,6,-0.01599174745350831
361,-0.9484257235394701,85,0.6685674940721881,6,-0.01599174745350831
898,0.3584720928618986,90,0.7852459398090447,5,-0.7112851149973574
530,-0.5371301351375496,20,-0.8482523005069472,6,-0.01599174745350831
682,-0.16720747574647316,50,-0.14818162608580787,5,-0.7112851149973574
939,0.4582538628292284,60,0.08517526538790526,7,0.6793016200903408
860,0.2659914280141295,60,0.08517526538790526,6,-0.01599174745350831
894,0.34873728603581766,20,-0.8482523005069472,5,-0.7112851149973574
897,0.35603839115537833,30,-0.6148954090332341,4,-1.4065784825412064
847,0.23435330582936637,60,0.08517526538790526,7,0.6793016200903408
126,-1.5203456245717264,190,3.118814854546176,6,-0.01599174745350831
574,-0.430047260050659,80,0.5518890483353315,7,0.6793016200903408
1385,1.5436848239372554,50,-0.14818162608580787,6,-0.01599174745350831
1010,0.6310466839921655,50,-0.14818162608580787,5,-0.7112851149973574
720,-0.07472681089870406,20,-0.8482523005069472,5,-0.7112851149973574
1186,1.0593781843397276,50,-0.14818162608580787,5,-0.7112851149973574
379,-0.9046190928221057,20,-0.8482523005069472,9,2.069888355178039
415,-0.8170058313873771,60,0.08517526538790526,7,0.6793016200903408
4,-1.8172572327671956,70,0.3185321568616184,7,0.6793016200903408
1413,1.611828471719822,90,0.7852459398090447,4,-1.4065784825412064
739,-0.028486478474819506,90,0.7852459398090447,5,-0.7112851149973574
1336,1.4244334403177636,20,-0.8482523005069472,6,-0.01599174745350831
1140,0.9474279058397965,30,-0.6148954090332341,5,-0.7112851149973574
401,-0.8510776552786605,120,1.4853166142301841,8,1.3745949876341899
596,-0.37650582250721376,20,-0.8482523005069472,8,1.3745949876341899
1068,0.7722013829703394,60,0.08517526538790526,6,-0.01599174745350831
620,-0.318096981550728,60,0.08517526538790526,8,1.3745949876341899
1286,1.3027483549917516,50,-0.14818162608580787,6,-0.01599174745350831
1192,1.073980394578849,160,2.418744180125037,8,1.3745949876341899
429,-0.7829340074960938,20,-0.8482523005069472,7,0.6793016200903408
1051,0.7308284539594953,20,-0.8482523005069472,7,0.6793016200903408
1266,1.2540743208613467,160,2.418744180125037,7,0.6793016200903408
843,0.22461849900328543,80,0.5518890483353315,6,-0.01599174745350831
1193,1.0764140962853692,50,-0.14818162608580787,5,-0.7112851149973574
175,-1.4010942409522347,20,-0.8482523005069472,6,-0.01599174745350831
896,0.3536046894488581,60,0.08517526538790526,6,-0.01599174745350831
1248,1.2102676901439824,80,0.5518890483353315,6,-0.01599174745350831
442,-0.7512958853113306,90,0.7852459398090447,4,-1.4065784825412064
284,-1.1358207549415285,20,-0.8482523005069472,8,1.3745949876341899
929,0.433916845764026,20,-0.8482523005069472,8,1.3745949876341899
1084,0.8111406102746631,20,-0.8482523005069472,6,-0.01599174745350831
1031,0.6821544198290904,190,3.118814854546176,5,-0.7112851149973574
1361,1.4852759829807696,70,0.3185321568616184,5,-0.7112851149973574
748,-0.0065831631161373475,70,0.3185321568616184,7,0.6793016200903408
1219,1.1396903406548955,50,-0.14818162608580787,4,-1.4065784825412064
1168,1.0155715536223633,60,0.08517526538790526,6,-0.01599174745350831
1253,1.2224361986765837,20,-0.8482523005069472,5,-0.7112851149973574
478,-0.663682623876602,60,0.08517526538790526,9,2.069888355178039
982,0.5629030362095987,60,0.08517526538790526,8,1.3745949876341899
385,-0.8900168825829843,60,0.08517526538790526,6,-0.01599174745350831
982,0.5629030362095987,60,0.08517526538790526,8,1.3745949876341899
607,-0.34973510373549116,20,-0.8482523005069472,5,-0.7112851149973574
652,-0.24021852694208035,70,0.3185321568616184,4,-1.4065784825412064
776,0.06156048466642936,120,1.4853166142301841,6,-0.01599174745350831
785,0.08346380002511151,75,0.43521060259847494,6,-0.01599174745350831
1436,1.6678036109697876,20,-0.8482523005069472,6,-0.01599174745350831
974,0.5434334225574368,20,-0.8482523005069472,7,0.6793016200903408
973,0.5409997208509165,120,1.4853166142301841,6,-0.01599174745350831
618,-0.3229643849637685,45,-0.26486007182266447,6,-0.01599174745350831
460,-0.7074892545939664,50,-0.14818162608580787,5,-0.7112851149973574
497,-0.6174422914527175,20,-0.8482523005069472,8,1.3745949876341899
936,0.4509527577096677,30,-0.6148954090332341,4,-1.4065784825412064
1017,0.6480825959378071,20,-0.8482523005069472,7,0.6793016200903408
516,-0.571201959028833,20,-0.8482523005069472,10,2.7651817227218882
224,-1.281842857332743,20,-0.8482523005069472,4,-1.4065784825412064
854,0.25138921777500806,80,0.5518890483353315,6,-0.01599174745350831
828,0.18811297340548183,20,-0.8482523005069472,7,0.6793016200903408
349,-0.977630144017713,160,2.418744180125037,7,0.6793016200903408
156,-1.4473345733761191,50,-0.14818162608580787,6,-0.01599174745350831
934,0.4460853542966272,20,-0.8482523005069472,7,0.6793016200903408
658,-0.22561631670295892,70,0.3185321568616184,7,0.6793016200903408
508,-0.5906715726809949,20,-0.8482523005069472,6,-0.01599174745350831
138,-1.4911412040934835,90,0.7852459398090447,7,0.6793016200903408
902,0.36820689968797954,20,-0.8482523005069472,5,-0.7112851149973574
309,-1.0749782122785225,30,-0.6148954090332341,4,-1.4065784825412064
1097,0.8427787324594262,70,0.3185321568616184,6,-0.01599174745350831
537,-0.5200942231919079,60,0.08517526538790526,7,0.6793016200903408
799,0.11753562391639487,60,0.08517526538790526,9,2.069888355178039
298,-1.101748931050245,60,0.08517526538790526,7,0.6793016200903408
547,-0.4957572061267055,50,-0.14818162608580787,6,-0.01599174745350831
221,-1.2891439624523036,20,-0.8482523005069472,7,0.6793016200903408
649,-0.24751963206164107,60,0.08517526538790526,6,-0.01599174745350831
1090,0.8257428205137846,120,1.4853166142301841,8,1.3745949876341899
960,0.5093615986661535,160,2.418744180125037,7,0.6793016200903408
566,-0.44951687370282095,70,0.3185321568616184,6,-0.01599174745350831
182,-1.3840583290065929,70,0.3185321568616184,7,0.6793016200903408
1067,0.7697676812638191,60,0.08517526538790526,6,-0.01599174745350831
255,-1.2063981044306156,20,-0.8482523005069472,5,-0.7112851149973574
993,0.5896737549813214,60,0.08517526538790526,6,-0.01599174745350831
326,-1.0336052832676785,45,-0.26486007182266447,5,-0.7112851149973574
1130,0.9230908887745942,90,0.7852459398090447,5,-0.7112851149973574
100,-1.5836218689412527,20,-0.8482523005069472,4,-1.4065784825412064
683,-0.1647737740399529,120,1.4853166142301841,6,-0.01599174745350831
330,-1.0238704764415976,70,0.3185321568616184,5,-0.7112851149973574
989,0.5799389481552404,60,0.08517526538790526,6,-0.01599174745350831
1302,1.3416875822960754,70,0.3185321568616184,6,-0.01599174745350831
320,-1.0482074935068,80,0.5518890483353315,7,0.6793016200903408
481,-0.6563815187570413,20,-0.8482523005069472,9,2.069888355178039
1279,1.28571244304611,60,0.08517526538790526,8,1.3745949876341899
659,-0.22318261499643868,50,-0.14818162608580787,6,-0.01599174745350831
1442,1.682405821208909,120,1.4853166142301841,6,-0.01599174745350831
658,-0.22561631670295892,70,0.3185321568616184,7,0.6793016200903408
456,-0.7172240614200474,20,-0.8482523005069472,7,0.6793016200903408
818,0.16377595634027942,20,-0.8482523005069472,8,1.3745949876341899
1161,0.9985356416767216,160,2.418744180125037,6,-0.01599174745350831
1329,1.4073975283721218,50,-0.14818162608580787,6,-0.01599174745350831
835,0.2051488853511235,20,-0.8482523005069472,5,-0.7112851149973574
1094,0.8354776273398655,20,-0.8482523005069472,5,-0.7112851149973574
79,-1.6347296047781776,90,0.7852459398090447,4,-1.4065784825412064
242,-1.2380362266153786,30,-0.6148954090332341,5,-0.7112851149973574
1307,1.3538560908286765,120,1.4853166142301841,7,0.6793016200903408
1449,1.6994417331545506,50,-0.14818162608580787,4,-1.4065784825412064
1325,1.3976627215460409,20,-0.8482523005069472,8,1.3745949876341899
1002,0.6115770703400035,30,-0.6148954090332341,5,-0.7112851149973574
1235,1.1786295679592194,70,0.3185321568616184,5,-0.7112851149973574
10,-1.8026550225280742,190,3.118814854546176,5,-0.7112851149973574
307,-1.079845615691563,60,0.08517526538790526,7,0.6793016200903408
969,0.5312649140248356,50,-0.14818162608580787,3,-2.1018718500850557
75,-1.6444644116042586,50,-0.14818162608580787,3,-2.1018718500850557
1352,1.4633726676220873,60,0.08517526538790526,6,-0.01599174745350831
179,-1.3913594341261537,20,-0.8482523005069472,9,2.069888355178039
58,-1.6858373406151026,60,0.08517526538790526,7,0.6793016200903408
1120,0.8987538717093918,20,-0.8482523005069472,5,-0.7112851149973574
796,0.11023451879683416,60,0.08517526538790526,6,-0.01599174745350831
1059,0.7502980676116572,60,0.08517526538790526,9,2.069888355178039
1113,0.8817179597637501,20,-0.8482523005069472,5,-0.7112851149973574
386,-0.887583180876464,120,1.4853166142301841,8,1.3745949876341899
983,0.5653367379161189,20,-0.8482523005069472,7,0.6793016200903408
323,-1.0409063883872391,60,0.08517526538790526,7,0.6793016200903408
1351,1.4609389659155672,90,0.7852459398090447,5,-0.7112851149973574
574,-0.430047260050659,80,0.5518890483353315,7,0.6793016200903408
822,0.17351076316636038,20,-0.8482523005069472,4,-1.4065784825412064
1441,1.6799721195023887,70,0.3185321568616184,6,-0.01599174745350831
380,-0.9021853911155855,60,0.08517526538790526,6,-0.01599174745350831
819,0.16620965804679966,80,0.5518890483353315,6,-0.01599174745350831
236,-1.2526384368545,160,2.418744180125037,6,-0.01599174745350831
562,-0.4592516805289019,20,-0.8482523005069472,5,-0.7112851149973574
411,-0.8267406382134581,20,-0.8482523005069472,5,-0.7112851149973574
420,-0.8048373228547759,20,-0.8482523005069472,5,-0.7112851149973574
541,-0.5103594163658269,20,-0.8482523005069472,9,2.069888355178039
1124,0.9084886785354728,20,-0.8482523005069472,5,-0.7112851149973574
399,-0.855945058691701,30,-0.6148954090332341,5,-0.7112851149973574
616,-0.327831788376809,85,0.6685674940721881,6,-0.01599174745350831
804,0.12970413244899606,60,0.08517526538790526,9,2.069888355178039
852,0.24652181436196757,120,1.4853166142301841,8,1.3745949876341899
852,0.24652181436196757,120,1.4853166142301841,8,1.3745949876341899
220,-1.291577664158824,120,1.4853166142301841,7,0.6793016200903408
1433,1.6605025058502267,30,-0.6148954090332341,4,-1.4065784825412064
387,-0.8851494791699438,50,-0.14818162608580787,5,-0.7112851149973574
1001,0.6091433686334833,20,-0.8482523005069472,3,-2.1018718500850557
1339,1.4317345454373243,60,0.08517526538790526,7,0.6793016200903408
1064,0.7624665761442584,30,-0.6148954090332341,6,-0.01599174745350831
490,-0.6344782033983591,180,2.885457963072463,4,-1.4065784825412064
1337,1.4268671420242838,90,0.7852459398090447,5,-0.7112851149973574
609,-0.3448677003224507,70,0.3185321568616184,8,1.3745949876341899
554,-0.47872129418106385,20,-0.8482523005069472,4,-1.4065784825412064
539,-0.5152268197788674,20,-0.8482523005069472,5,-0.7112851149973574
52,-1.700439550854224,50,-0.14818162608580787,6,-0.01599174745350831
461,-0.7050555528874461,60,0.08517526538790526,8,1.3745949876341899
1250,1.2151350935570229,20,-0.8482523005069472,5,-0.7112851149973574
1458,1.7213450485132327,70,0.3185321568616184,7,0.6793016200903408
433,-0.7731992006700128,160,2.418744180125037,5,-0.7112851149973574
1392,1.560720735882897,90,0.7852459398090447,5,-0.7112851149973574
694,-0.13800305526823028,30,-0.6148954090332341,5,-0.7112851149973574
1145,0.9595964143723977,190,3.118814854546176,4,-1.4065784825412064
317,-1.0555085986263606,60,0.08517526538790526,7,0.6793016200903408
575,-0.4276135583441388,80,0.5518890483353315,5,-0.7112851149973574
45,-1.7174754627998658,20,-0.8482523005069472,5,-0.7112851149973574
324,-1.038472686680719,20,-0.8482523005069472,3,-2.1018718500850557
1082,0.8062732068616226,20,-0.8482523005069472,5,-0.7112851149973574
840,0.2173173938837247,50,-0.14818162608580787,5,-0.7112851149973574
995,0.5945411583943618,20,-0.8482523005069472,10,2.7651817227218882
70,-1.6566329201368597,50,-0.14818162608580787,7,0.6793016200903408
143,-1.4789726955608824,50,-0.14818162608580787,5,-0.7112851149973574
1121,0.901187573415912,30,-0.6148954090332341,6,-0.01599174745350831
224,-1.281842857332743,20,-0.8482523005069472,4,-1.4065784825412064
1339,1.4317345454373243,60,0.08517526538790526,7,0.6793016200903408
297,-1.1041826327567654,50,-0.14818162608580787,5,-0.7112851149973574
1054,0.738129559079056,20,-0.8482523005069472,5,-0.7112851149973574
1399,1.5777566478285385,50,-0.14818162608580787,5,-0.7112851149973574
380,-0.9021853911155855,60,0.08517526538790526,6,-0.01599174745350831
1273,1.2711102328069885,20,-0.8482523005069472,5,-0.7112851149973574
309,-1.0749782122785225,30,-0.6148954090332341,4,-1.4065784825412064
1248,1.2102676901439824,80,0.5518890483353315,6,-0.01599174745350831
534,-0.5273953283114686,20,-0.8482523005069472,1,-3.492458585172754
1366,1.4974444915133707,60,0.08517526538790526,7,0.6793016200903408
374,-0.9167876013547069,20,-0.8482523005069472,5,-0.7112851149973574
100,-1.5836218689412527,20,-0.8482523005069472,4,-1.4065784825412064
566,-0.44951687370282095,70,0.3185321568616184,6,-0.01599174745350831
282,-1.140688158354569,20,-0.8482523005069472,6,-0.01599174745350831
843,0.22461849900328543,80,0.5518890483353315,6,-0.01599174745350831
844,0.22705220070980564,90,0.7852459398090447,5,-0.7112851149973574
376,-0.9119201979416665,30,-0.6148954090332341,1,-3.492458585172754
906,0.3779417065140605,20,-0.8482523005069472,5,-0.7112851149973574
409,-0.8316080416264986,60,0.08517526538790526,7,0.6793016200903408
491,-0.6320445016918389,160,2.418744180125037,5,-0.7112851149973574
1045,0.7162262437203738,20,-0.8482523005069472,8,1.3745949876341899
103,-1.5763207638216918,90,0.7852459398090447,5,-0.7112851149973574
1359,1.480408579567729,160,2.418744180125037,6,-0.01599174745350831
58,-1.6858373406151026,60,0.08517526538790526,7,0.6793016200903408
1043,0.7113588403073333,120,1.4853166142301841,6,-0.01599174745350831
399,-0.855945058691701,30,-0.6148954090332341,5,-0.7112851149973574
1162,1.0009693433832418,20,-0.8482523005069472,6,-0.01599174745350831
842,0.22218479729676519,70,0.3185321568616184,5,-0.7112851149973574
1245,1.2029665850244218,70,0.3185321568616184,8,1.3745949876341899
237,-1.2502047351479797,20,-0.8482523005069472,7,0.6793016200903408
606,-0.35216880544201135,60,0.08517526538790526,7,0.6793016200903408
1181,1.0472096758071263,60,0.08517526538790526,7,0.6793016200903408
1355,1.4706737727416481,60,0.08517526538790526,7,0.6793016200903408
881,0.3170991638510545,20,-0.8482523005069472,5,-0.7112851149973574
836,0.20758258705764374,20,-0.8482523005069472,4,-1.4065784825412064
623,-0.3107958764311673,20,-0.8482523005069472,5,-0.7112851149973574
375,-0.9143538996481867,60,0.08517526538790526,7,0.6793016200903408
536,-0.5225279248984281,190,3.118814854546176,5,-0.7112851149973574
397,-0.8608124621047415,20,-0.8482523005069472,5,-0.7112851149973574
343,-0.9922323542568344,90,0.7852459398090447,3,-2.1018718500850557
867,0.28302733995977114,20,-0.8482523005069472,8,1.3745949876341899
856,0.25625662118804854,20,-0.8482523005069472,5,-0.7112851149973574
482,-0.6539478170505211,20,-0.8482523005069472,9,2.069888355178039
538,-0.5176605214853877,20,-0.8482523005069472,4,-1.4065784825412064
197,-1.3475528034087894,20,-0.8482523005069472,7,0.6793016200903408
1234,1.176195866252699,20,-0.8482523005069472,5,-0.7112851149973574
361,-0.9484257235394701,85,0.6685674940721881,6,-0.01599174745350831
245,-1.2307351214958178,60,0.08517526538790526,7,0.6793016200903408
623,-0.3107958764311673,20,-0.8482523005069472,5,-0.7112851149973574
728,-0.05525719724654214,20,-0.8482523005069472,7,0.6793016200903408
1284,1.297880951578711,90,0.7852459398090447,6,-0.01599174745350831
903,0.3706406013944998,60,0.08517526538790526,7,0.6793016200903408
358,-0.9557268286590308,120,1.4853166142301841,5,-0.7112851149973574
713,-0.09176272284434574,120,1.4853166142301841,8,1.3745949876341899
1303,1.3441212840025956,60,0.08517526538790526,8,1.3745949876341899
1393,1.5631544375894173,85,0.6685674940721881,5,-0.7112851149973574
595,-0.378939524213734,20,-0.8482523005069472,5,-0.7112851149973574
34,-1.7442461815715884,20,-0.8482523005069472,5,-0.7112851149973574
879,0.31223176043801404,85,0.6685674940721881,5,-0.7112851149973574
423,-0.7975362177352152,20,-0.8482523005069472,5,-0.7112851149973574
545,-0.500624609539746,60,0.08517526538790526,7,0.6793016200903408
1456,1.7164776451001922,60,0.08517526538790526,6,-0.01599174745350831
1001,0.6091433686334833,20,-0.8482523005069472,3,-2.1018718500850557
850,0.2416544109489271,80,0.5518890483353315,6,-0.01599174745350831
880,0.3146654621445343,20,-0.8482523005069472,5,-0.7112851149973574
748,-0.0065831631161373475,70,0.3185321568616184,7,0.6793016200903408
518,-0.5663345556157925,60,0.08517526538790526,7,0.6793016200903408
186,-1.374323522180512,75,0.43521060259847494,10,2.7651817227218882
460,-0.7074892545939664,50,-0.14818162608580787,5,-0.7112851149973574
1416,1.6191295768393827,120,1.4853166142301841,7,0.6793016200903408
966,0.5239638089052748,60,0.08517526538790526,6,-0.01599174745350831
1158,0.9912345365571609,120,1.4853166142301841,7,0.6793016200903408
1044,0.7137925420138536,60,0.08517526538790526,7,0.6793016200903408
951,0.4874582833074713,20,-0.8482523005069472,5,-0.7112851149973574
1310,1.3611571959482374,20,-0.8482523005069472,6,-0.01599174745350831
491,-0.6320445016918389,160,2.418744180125037,5,-0.7112851149973574
609,-0.3448677003224507,70,0.3185321568616184,8,1.3745949876341899
1110,0.8744168546441894,20,-0.8482523005069472,8,1.3745949876341899
456,-0.7172240614200474,20,-0.8482523005069472,7,0.6793016200903408
659,-0.22318261499643868,50,-0.14818162608580787,6,-0.01599174745350831
838,0.21244999047068422,160,2.418744180125037,6,-0.01599174745350831
1280,1.2881461447526301,50,-0.14818162608580787,4,-1.4065784825412064
1168,1.0155715536223633,60,0.08517526538790526,6,-0.01599174745350831
1253,1.2224361986765837,20,-0.8482523005069472,5,-0.7112851149973574
1203,1.1007511133505716,50,-0.14818162608580787,5,-0.7112851149973574
999,0.6042759652204428,30,-0.6148954090332341,3,-2.1018718500850557
1455,1.714043943393672,20,-0.8482523005069472,7,0.6793016200903408
1184,1.0545107809266872,30,-0.6148954090332341,5,-0.7112851149973574
852,0.24652181436196757,120,1.4853166142301841,8,1.3745949876341899
185,-1.3767572238870323,50,-0.14818162608580787,5,-0.7112851149973574
191,-1.3621550136479108,70,0.3185321568616184,8,1.3745949876341899
1341,1.4366019488503647,20,-0.8482523005069472,4,-1.4065784825412064
976,0.5483008259704772,160,2.418744180125037,7,0.6793016200903408
1106,0.8646820478181084,60,0.08517526538790526,8,1.3745949876341899
842,0.22218479729676519,70,0.3185321568616184,5,-0.7112851149973574
820,0.1686433597533199,120,1.4853166142301841,7,0.6793016200903408
726,-0.06012460065958262,20,-0.8482523005069472,4,-1.4065784825412064
4,-1.8172572327671956,70,0.3185321568616184,7,0.6793016200903408
623,-0.3107958764311673,20,-0.8482523005069472,5,-0.7112851149973574
877,0.30736435702497356,20,-0.8482523005069472,4,-1.4065784825412064
1155,0.9839334314376001,60,0.08517526538790526,7,0.6793016200903408
525,-0.5492986436701508,60,0.08517526538790526,7,0.6793016200903408
845,0.22948590241632588,50,-0.14818162608580787,5,-0.7112851149973574
237,-1.2502047351479797,20,-0.8482523005069472,7,0.6793016200903408
725,-0.06255830236610285,20,-0.8482523005069472,9,2.069888355178039
677,-0.17937598427907436,70,0.3185321568616184,4,-1.4065784825412064
201,-1.3378179965827084,20,-0.8482523005069472,4,-1.4065784825412064
645,-0.25725443888772204,20,-0.8482523005069472,9,2.069888355178039
584,-0.40571024298545666,75,0.43521060259847494,10,2.7651817227218882
27,-1.7612820935172302,20,-0.8482523005069472,5,-0.7112851149973574
281,-1.1431218600610893,60,0.08517526538790526,7,0.6793016200903408
891,0.34143618091625694,50,-0.14818162608580787,5,-0.7112851149973574
832,0.19784778023156277,160,2.418744180125037,7,0.6793016200903408
599,-0.36920471738765304,20,-0.8482523005069472,5,-0.7112851149973574
916,0.4022787235792629,160,2.418744180125037,4,-1.4065784825412064
579,-0.41787875151805787,160,2.418744180125037,7,0.6793016200903408
834,0.20271518364460325,20,-0.8482523005069472,6,-0.01599174745350831
974,0.5434334225574368,20,-0.8482523005069472,7,0.6793016200903408
464,-0.6977544477678854,70,0.3185321568616184,6,-0.01599174745350831
1095,0.8379113290463858,20,-0.8482523005069472,5,-0.7112851149973574
36,-1.739378778158548,60,0.08517526538790526,8,1.3745949876341899
1186,1.0593781843397276,50,-0.14818162608580787,5,-0.7112851149973574
518,-0.5663345556157925,60,0.08517526538790526,7,0.6793016200903408
868,0.2854610416662914,20,-0.8482523005069472,4,-1.4065784825412064
1181,1.0472096758071263,60,0.08517526538790526,7,0.6793016200903408
1256,1.2297373037961443,50,-0.14818162608580787,6,-0.01599174745350831
1262,1.2443395140352658,20,-0.8482523005069472,5,-0.7112851149973574
141,-1.4838400989739229,20,-0.8482523005069472,4,-1.4065784825412064
561,-0.46168538223542216,20,-0.8482523005069472,5,-0.7112851149973574
485,-0.6466467119309603,20,-0.8482523005069472,5,-0.7112851149973574
786,0.08589750173163176,20,-0.8482523005069472,6,-0.01599174745350831
880,0.3146654621445343,20,-0.8482523005069472,5,-0.7112851149973574
801,0.12240302732943535,60,0.08517526538790526,6,-0.01599174745350831
127,-1.517911922865206,120,1.4853166142301841,6,-0.01599174745350831
759,0.020187555655585287,160,2.418744180125037,7,0.6793016200903408
350,-0.9751964423111927,60,0.08517526538790526,9,2.069888355178039
146,-1.4716715904413216,160,2.418744180125037,6,-0.01599174745350831
836,0.20758258705764374,20,-0.8482523005069472,4,-1.4065784825412064
211,-1.313480979517506,30,-0.6148954090332341,5,-0.7112851149973574
491,-0.6320445016918389,160,2.418744180125037,5,-0.7112851149973574
749,-0.004149461409617108,20,-0.8482523005069472,7,0.6793016200903408
833,0.200281481938083,60,0.08517526538790526,7,0.6793016200903408
1370,1.5071792983394516,20,-0.8482523005069472,8,1.3745949876341899
117,-1.5422489399304085,20,-0.8482523005069472,5,-0.7112851149973574
1417,1.6215632785459029,190,3.118814854546176,4,-1.4065784825412064
212,-1.3110472778109858,20,-0.8482523005069472,6,-0.01599174745350831
462,-0.7026218511809259,70,0.3185321568616184,7,0.6793016200903408
1392,1.560720735882897,90,0.7852459398090447,5,-0.7112851149973574
1327,1.4025301249590814,30,-0.6148954090332341,3,-2.1018718500850557
119,-1.537381536517368,60,0.08517526538790526,7,0.6793016200903408
523,-0.5541660470831913,50,-0.14818162608580787,6,-0.01599174745350831
620,-0.318096981550728,60,0.08517526538790526,8,1.3745949876341899
283,-1.1382544566480488,120,1.4853166142301841,7,0.6793016200903408
1317,1.378193107893879,20,-0.8482523005069472,8,1.3745949876341899
243,-1.2356025249088582,50,-0.14818162608580787,5,-0.7112851149973574
1209,1.115353323589693,20,-0.8482523005069472,5,-0.7112851149973574
680,-0.17207487915951364,20,-0.8482523005069472,5,-0.7112851149973574
99,-1.5860555706477728,30,-0.6148954090332341,5,-0.7112851149973574
1321,1.38792791471996,20,-0.8482523005069472,6,-0.01599174745350831
1274,1.2735439345135087,80,0.5518890483353315,6,-0.01599174745350831
106,-1.5690196587021312,60,0.08517526538790526,8,1.3745949876341899
663,-0.21344780817035772,20,-0.8482523005069472,6,-0.01599174745350831
90,-1.607958886006455,20,-0.8482523005069472,4,-1.4065784825412064
540,-0.5127931180723472,20,-0.8482523005069472,8,1.3745949876341899
593,-0.3838069276267745,20,-0.8482523005069472,5,-0.7112851149973574
544,-0.5030583112462662,120,1.4853166142301841,7,0.6793016200903408
967,0.5263975106117951,50,-0.14818162608580787,5,-0.7112851149973574
704,-0.1136660382030279,190,3.118814854546176,5,-0.7112851149973574
1418,1.6239969802524232,60,0.08517526538790526,8,1.3745949876341899
945,0.47285607306834987,20,-0.8482523005069472,6,-0.01599174745350831
1270,1.2638091276874277,50,-0.14818162608580787,5,-0.7112851149973574
570,-0.43978206687674,90,0.7852459398090447,5,-0.7112851149973574
973,0.5409997208509165,120,1.4853166142301841,6,-0.01599174745350831
74,-1.6468981133107787,20,-0.8482523005069472,5,-0.7112851149973574
1061,0.7551654710246977,120,1.4853166142301841,8,1.3745949876341899
364,-0.9411246184199094,160,2.418744180125037,6,-0.01599174745350831
9,-1.8050887242345943,50,-0.14818162608580787,7,0.6793016200903408
1174,1.0301737638614847,50,-0.14818162608580787,5,-0.7112851149973574
644,-0.2596881405942423,60,0.08517526538790526,5,-0.7112851149973574
1359,1.480408579567729,160,2.418744180125037,6,-0.01599174745350831
1353,1.4658063693286076,50,-0.14818162608580787,6,-0.01599174745350831
49,-1.7077406559737849,190,3.118814854546176,4,-1.4065784825412064
594,-0.38137322592025424,120,1.4853166142301841,6,-0.01599174745350831
774,0.05669308125338888,20,-0.8482523005069472,5,-0.7112851149973574
744,-0.016317969942218305,80,0.5518890483353315,5,-0.7112851149973574
1427,1.6459002956111053,60,0.08517526538790526,7,0.6793016200903408
632,-0.2888925610724851,120,1.4853166142301841,8,1.3745949876341899
1319,1.3830605113069194,20,-0.8482523005069472,8,1.3745949876341899
424,-0.795102516028695,60,0.08517526538790526,8,1.3745949876341899
243,-1.2356025249088582,50,-0.14818162608580787,5,-0.7112851149973574
834,0.20271518364460325,20,-0.8482523005069472,6,-0.01599174745350831
834,0.20271518364460325,20,-0.8482523005069472,6,-0.01599174745350831
1343,1.4414693522634052,60,0.08517526538790526,8,1.3745949876341899
873,0.2976295501988926,20,-0.8482523005069472,5,-0.7112851149973574
176,-1.3986605392457143,20,-0.8482523005069472,6,-0.01599174745350831
1452,1.7067428382741114,20,-0.8482523005069472,8,1.3745949876341899
562,-0.4592516805289019,20,-0.8482523005069472,5,-0.7112851149973574
958,0.504494195253113,20,-0.8482523005069472,5,-0.7112851149973574
289,-1.1236522464089274,20,-0.8482523005069472,5,-0.7112851149973574
544,-0.5030583112462662,120,1.4853166142301841,7,0.6793016200903408
683,-0.1647737740399529,120,1.4853166142301841,6,-0.01599174745350831
1075,0.789237294915981,20,-0.8482523005069472,7,0.6793016200903408
143,-1.4789726955608824,50,-0.14818162608580787,5,-0.7112851149973574
705,-0.11123233649650766,20,-0.8482523005069472,7,0.6793016200903408
719,-0.0771605126052243,60,0.08517526538790526,7,0.6793016200903408
1158,0.9912345365571609,120,1.4853166142301841,7,0.6793016200903408
343,-0.9922323542568344,90,0.7852459398090447,3,-2.1018718500850557
1107,0.8671157495246287,20,-0.8482523005069472,7,0.6793016200903408
702,-0.11853344161606837,20,-0.8482523005069472,7,0.6793016200903408
1331,1.4122649317851623,20,-0.8482523005069472,8,1.3745949876341899
1313,1.368458301067798,60,0.08517526538790526,8,1.3745949876341899
794,0.10536711538379367,20,-0.8482523005069472,8,1.3745949876341899
562,-0.4592516805289019,20,-0.8482523005069472,5,-0.7112851149973574
382,-0.897317987702545,20,-0.8482523005069472,7,0.6793016200903408
1307,1.3538560908286765,120,1.4853166142301841,7,0.6793016200903408
715,-0.08689531943130525,60,0.08517526538790526,6,-0.01599174745350831
1375,1.519347806872053,60,0.08517526538790526,7,0.6793016200903408
968,0.5288312123183153,20,-0.8482523005069472,5,-0.7112851149973574
752,0.003151643709943611,60,0.08517526538790526,7,0.6793016200903408
357,-0.958160530365551,20,-0.8482523005069472,6,-0.01599174745350831
35,-1.7418124798650683,120,1.4853166142301841,9,2.069888355178039
53,-1.698005849147704,90,0.7852459398090447,5,-0.7112851149973574
677,-0.17937598427907436,70,0.3185321568616184,4,-1.4065784825412064
913,0.3949776184597022,30,-0.6148954090332341,5,-0.7112851149973574
243,-1.2356025249088582,50,-0.14818162608580787,5,-0.7112851149973574
1154,0.9814997297310799,30,-0.6148954090332341,6,-0.01599174745350831
1049,0.7259610505464548,20,-0.8482523005069472,5,-0.7112851149973574
557,-0.4714201890615031,20,-0.8482523005069472,5,-0.7112851149973574
591,-0.38867433103981497,60,0.08517526538790526,7,0.6793016200903408
1379,1.529082613698134,160,2.418744180125037,6,-0.01599174745350831
723,-0.06742570577914334,20,-0.8482523005069472,4,-1.4065784825412064
536,-0.5225279248984281,190,3.118814854546176,5,-0.7112851149973574
1376,1.521781508578573,20,-0.8482523005069472,8,1.3745949876341899
215,-1.303746172691425,60,0.08517526538790526,6,-0.01599174745350831
901,0.3657731979814593,20,-0.8482523005069472,4,-1.4065784825412064
932,0.44121795088358673,20,-0.8482523005069472,5,-0.7112851149973574
385,-0.8900168825829843,60,0.08517526538790526,6,-0.01599174745350831
1097,0.8427787324594262,70,0.3185321568616184,6,-0.01599174745350831
1457,1.7189113468067125,20,-0.8482523005069472,6,-0.01599174745350831
1114,0.8841516614702704,20,-0.8482523005069472,5,-0.7112851149973574
235,-1.2550721385610202,60,0.08517526538790526,6,-0.01599174745350831
995,0.5945411583943618,20,-0.8482523005069472,10,2.7651817227218882
1418,1.6239969802524232,60,0.08517526538790526,8,1.3745949876341899
1417,1.6215632785459029,190,3.118814854546176,4,-1.4065784825412064
1154,0.9814997297310799,30,-0.6148954090332341,6,-0.01599174745350831
1297,1.3295190737634741,20,-0.8482523005069472,5,-0.7112851149973574
374,-0.9167876013547069,20,-0.8482523005069472,5,-0.7112851149973574
107,-1.5665859569956109,30,-0.6148954090332341,4,-1.4065784825412064
385,-0.8900168825829843,60,0.08517526538790526,6,-0.01599174745350831
788,0.09076490514467224,60,0.08517526538790526,7,0.6793016200903408
1098,0.8452124341659465,120,1.4853166142301841,8,1.3745949876341899
264,-1.1844947890719333,50,-0.14818162608580787,5,-0.7112851149973574
940,0.46068756453574866,70,0.3185321568616184,7,0.6793016200903408
1266,1.2540743208613467,160,2.418744180125037,7,0.6793016200903408
257,-1.201530701017575,60,0.08517526538790526,6,-0.01599174745350831
696,-0.1331356518551898,20,-0.8482523005069472,6,-0.01599174745350831
589,-0.39354173445285545,20,-0.8482523005069472,5,-0.7112851149973574
306,-1.0822793173980834,20,-0.8482523005069472,8,1.3745949876341899
1057,0.7454306641986167,120,1.4853166142301841,7,0.6793016200903408
856,0.25625662118804854,20,-0.8482523005069472,5,-0.7112851149973574
1405,1.59235885806766,50,-0.14818162608580787,3,-2.1018718500850557
1140,0.9474279058397965,30,-0.6148954090332341,5,-0.7112851149973574
799,0.11753562391639487,60,0.08517526538790526,9,2.069888355178039
970,0.5336986157313558,190,3.118814854546176,6,-0.01599174745350831
481,-0.6563815187570413,20,-0.8482523005069472,9,2.069888355178039
894,0.34873728603581766,20,-0.8482523005069472,5,-0.7112851149973574
307,-1.079845615691563,60,0.08517526538790526,7,0.6793016200903408
1368,1.5023118949264112,160,2.418744180125037,5,-0.7112851149973574
1071,0.7795024880899001,20,-0.8482523005069472,5,-0.7112851149973574
733,-0.04308868871394094,60,0.08517526538790526,7,0.6793016200903408
159,-1.4400334682565585,60,0.08517526538790526,7,0.6793016200903408
251,-1.2161329112566965,30,-0.6148954090332341,3,-2.1018718500850557
7,-1.8099561276476348,20,-0.8482523005069472,8,1.3745949876341899
709,-0.10149752967042669,60,0.08517526538790526,7,0.6793016200903408
513,-0.5785030641483937,20,-0.8482523005069472,5,-0.7112851149973574
712,-0.09419642455086598,50,-0.14818162608580787,4,-1.4065784825412064
1436,1.6678036109697876,20,-0.8482523005069472,6,-0.01599174745350831
469,-0.6855859392352842,20,-0.8482523005069472,8,1.3745949876341899
890,0.3390024792097367,20,-0.8482523005069472,6,-0.01599174745350831
495,-0.6223096948657579,30,-0.6148954090332341,5,-0.7112851149973574
524,-0.551732345376671,60,0.08517526538790526,10,2.7651817227218882
138,-1.4911412040934835,90,0.7852459398090447,7,0.6793016200903408
776,0.06156048466642936,120,1.4853166142301841,6,-0.01599174745350831
1338,1.4293008437308041,30,-0.6148954090332341,4,-1.4065784825412064
186,-1.374323522180512,75,0.43521060259847494,10,2.7651817227218882
48,-1.710174357680305,20,-0.8482523005069472,8,1.3745949876341899
905,0.37550800480754026,20,-0.8482523005069472,5,-0.7112851149973574
564,-0.45438427711586143,50,-0.14818162608580787,6,-0.01599174745350831
1169,1.0180052553288834,70,0.3185321568616184,6,-0.01599174745350831
963,0.5166627037857142,160,2.418744180125037,6,-0.01599174745350831
911,0.3901102150466617,90,0.7852459398090447,5,-0.7112851149973574
443,-0.7488621836048104,50,-0.14818162608580787,5,-0.7112851149973574
167,-1.4205638546043966,20,-0.8482523005069472,5,-0.7112851149973574
1161,0.9985356416767216,160,2.418744180125037,6,-0.01599174745350831
909,0.38524281163362123,20,-0.8482523005069472,5,-0.7112851149973574
712,-0.09419642455086598,50,-0.14818162608580787,4,-1.4065784825412064
201,-1.3378179965827084,20,-0.8482523005069472,4,-1.4065784825412064
897,0.35603839115537833,30,-0.6148954090332341,4,-1.4065784825412064
179,-1.3913594341261537,20,-0.8482523005069472,9,2.069888355178039
448,-0.7366936750722092,60,0.08517526538790526,7,0.6793016200903408
127,-1.517911922865206,120,1.4853166142301841,6,-0.01599174745350831
94,-1.5982240791803741,190,3.118814854546176,6,-0.01599174745350831
879,0.31223176043801404,85,0.6685674940721881,5,-0.7112851149973574
550,-0.4884561010071448,60,0.08517526538790526,7,0.6793016200903408
579,-0.41787875151805787,160,2.418744180125037,7,0.6793016200903408
195,-1.3524202068218298,20,-0.8482523005069472,5,-0.7112851149973574
1315,1.3733257044808385,20,-0.8482523005069472,4,-1.4065784825412064
869,0.2878947433728116,60,0.08517526538790526,5,-0.7112851149973574
780,0.07129529149251032,90,0.7852459398090447,6,-0.01599174745350831
1229,1.164027357720098,120,1.4853166142301841,9,2.069888355178039
1159,0.9936682382636811,20,-0.8482523005069472,8,1.3745949876341899
848,0.2367870075358866,20,-0.8482523005069472,5,-0.7112851149973574
259,-1.1966632976045346,60,0.08517526538790526,7,0.6793016200903408
404,-0.8437765501590998,60,0.08517526538790526,8,1.3745949876341899
1304,1.346554985709116,20,-0.8482523005069472,7,0.6793016200903408
662,-0.21588150987687796,60,0.08517526538790526,8,1.3745949876341899
1296,1.327085372056954,20,-0.8482523005069472,5,-0.7112851149973574
939,0.4582538628292284,60,0.08517526538790526,7,0.6793016200903408
1294,1.3222179686439135,60,0.08517526538790526,7,0.6793016200903408
290,-1.121218544702407,70,0.3185321568616184,6,-0.01599174745350831
1355,1.4706737727416481,60,0.08517526538790526,7,0.6793016200903408
528,-0.5419975385505901,60,0.08517526538790526,9,2.069888355178039
357,-0.958160530365551,20,-0.8482523005069472,6,-0.01599174745350831
804,0.12970413244899606,60,0.08517526538790526,9,2.069888355178039
803,0.12727043074247582,60,0.08517526538790526,7,0.6793016200903408
968,0.5288312123183153,20,-0.8482523005069472,5,-0.7112851149973574
950,0.4850245816009511,20,-0.8482523005069472,6,-0.01599174745350831
194,-1.3548539085283502,160,2.418744180125037,7,0.6793016200903408
1409,1.602093664893741,70,0.3185321568616184,4,-1.4065784825412064
889,0.33656877750321645,20,-0.8482523005069472,8,1.3745949876341899
584,-0.40571024298545666,75,0.43521060259847494,10,2.7651817227218882
857,0.2586903228945688,80,0.5518890483353315,6,-0.01599174745350831
545,-0.500624609539746,60,0.08517526538790526,7,0.6793016200903408
1198,1.0885826048179705,75,0.43521060259847494,7,0.6793016200903408
1379,1.529082613698134,160,2.418744180125037,6,-0.01599174745350831
210,-1.3159146812240263,20,-0.8482523005069472,6,-0.01599174745350831
281,-1.1431218600610893,60,0.08517526538790526,7,0.6793016200903408
1164,1.0058367467962823,90,0.7852459398090447,4,-1.4065784825412064
184,-1.3791909255935524,50,-0.14818162608580787,7,0.6793016200903408
1427,1.6459002956111053,60,0.08517526538790526,7,0.6793016200903408
1432,1.6580688041437066,120,1.4853166142301841,6,-0.01599174745350831
1381,1.5339500171111744,30,-0.6148954090332341,3,-2.1018718500850557
1062,0.7575991727312179,30,-0.6148954090332341,3,-2.1018718500850557
965,0.5215301071987547,60,0.08517526538790526,7,0.6793016200903408
891,0.34143618091625694,50,-0.14818162608580787,5,-0.7112851149973574
804,0.12970413244899606,60,0.08517526538790526,9,2.069888355178039
236,-1.2526384368545,160,2.418744180125037,6,-0.01599174745350831
1422,1.6337317870785042,120,1.4853166142301841,6,-0.01599174745350831
615,-0.3302654900833292,180,2.885457963072463,4,-1.4065784825412064
1036,0.6943229283616916,20,-0.8482523005069472,4,-1.4065784825412064
430,-0.7805003057895735,20,-0.8482523005069472,6,-0.01599174745350831
1126,0.9133560819485133,20,-0.8482523005069472,4,-1.4065784825412064
1193,1.0764140962853692,50,-0.14818162608580787,5,-0.7112851149973574
557,-0.4714201890615031,20,-0.8482523005069472,5,-0.7112851149973574
632,-0.2888925610724851,120,1.4853166142301841,8,1.3745949876341899
1196,1.08371520140493,60,0.08517526538790526,6,-0.01599174745350831
397,-0.8608124621047415,20,-0.8482523005069472,5,-0.7112851149973574
1347,1.4512041590894862,20,-0.8482523005069472,7,0.6793016200903408
37,-1.7369450764520278,20,-0.8482523005069472,5,-0.7112851149973574
1268,1.2589417242743872,20,-0.8482523005069472,9,2.069888355178039
821,0.17107706145984014,60,0.08517526538790526,7,0.6793016200903408
165,-1.425431258017437,40,-0.381538517559521,6,-0.01599174745350831
1077,0.7941046983290215,50,-0.14818162608580787,5,-0.7112851149973574
296,-1.1066163344632856,80,0.5518890483353315,6,-0.01599174745350831
1305,1.348988687415636,160,2.418744180125037,7,0.6793016200903408
873,0.2976295501988926,20,-0.8482523005069472,5,-0.7112851149973574
949,0.48259087989443084,60,0.08517526538790526,7,0.6793016200903408
715,-0.08689531943130525,60,0.08517526538790526,6,-0.01599174745350831
469,-0.6855859392352842,20,-0.8482523005069472,8,1.3745949876341899
419,-0.8072710245612962,50,-0.14818162608580787,5,-0.7112851149973574
737,-0.03335388188785998,90,0.7852459398090447,3,-2.1018718500850557
925,0.42418203893794504,20,-0.8482523005069472,6,-0.01599174745350831
505,-0.5979726778005555,160,2.418744180125037,6,-0.01599174745350831
188,-1.3694561187674714,50,-0.14818162608580787,5,-0.7112851149973574
936,0.4509527577096677,30,-0.6148954090332341,4,-1.4065784825412064
1437,1.6702373126763077,20,-0.8482523005069472,4,-1.4065784825412064
764,0.032356064188186484,60,0.08517526538790526,8,1.3745949876341899
1098,0.8452124341659465,120,1.4853166142301841,8,1.3745949876341899
497,-0.6174422914527175,20,-0.8482523005069472,8,1.3745949876341899
438,-0.7610306921374116,45,-0.26486007182266447,6,-0.01599174745350831
1082,0.8062732068616226,20,-0.8482523005069472,5,-0.7112851149973574
639,-0.2718566491268435,30,-0.6148954090332341,5,-0.7112851149973574
355,-0.9630279337785915,50,-0.14818162608580787,6,-0.01599174745350831
967,0.5263975106117951,50,-0.14818162608580787,5,-0.7112851149973574
1418,1.6239969802524232,60,0.08517526538790526,8,1.3745949876341899
226,-1.2769754539197025,160,2.418744180125037,5,-0.7112851149973574
155,-1.4497682750826395,30,-0.6148954090332341,6,-0.01599174745350831
1215,1.1299555338288145,85,0.6685674940721881,5,-0.7112851149973574
240,-1.242903630028419,50,-0.14818162608580787,6,-0.01599174745350831
41,-1.7272102696259468,20,-0.8482523005069472,6,-0.01599174745350831
1417,1.6215632785459029,190,3.118814854546176,4,-1.4065784825412064
293,-1.1139174395828464,50,-0.14818162608580787,5,-0.7112851149973574
392,-0.8729809706373427,60,0.08517526538790526,6,-0.01599174745350831
1394,1.5655881392959374,190,3.118814854546176,6,-0.01599174745350831
1237,1.1834969713722598,160,2.418744180125037,7,0.6793016200903408
178,-1.3937931358326738,50,-0.14818162608580787,5,-0.7112851149973574
777,0.0639941863729496,20,-0.8482523005069472,7,0.6793016200903408
1287,1.3051820566982717,20,-0.8482523005069472,6,-0.01599174745350831
1370,1.5071792983394516,20,-0.8482523005069472,8,1.3745949876341899
452,-0.7269588682461283,20,-0.8482523005069472,7,0.6793016200903408
241,-1.2404699283218987,20,-0.8482523005069472,8,1.3745949876341899
969,0.5312649140248356,50,-0.14818162608580787,3,-2.1018718500850557
227,-1.274541752213182,60,0.08517526538790526,7,0.6793016200903408
1161,0.9985356416767216,160,2.418744180125037,6,-0.01599174745350831
870,0.29032844507933186,60,0.08517526538790526,7,0.6793016200903408
625,-0.3059284730181268,60,0.08517526538790526,6,-0.01599174745350831
180,-1.3889257324196334,30,-0.6148954090332341,5,-0.7112851149973574
368,-0.9313898115938284,80,0.5518890483353315,6,-0.01599174745350831
166,-1.4229975563109167,190,3.118814854546176,5,-0.7112851149973574
469,-0.6855859392352842,20,-0.8482523005069472,8,1.3745949876341899
147,-1.4692378887348014,30,-0.6148954090332341,5,-0.7112851149973574
969,0.5312649140248356,50,-0.14818162608580787,3,-2.1018718500850557
394,-0.8681135672243022,30,-0.6148954090332341,4,-1.4065784825412064
979,0.555601931090038,20,-0.8482523005069472,4,-1.4065784825412064
862,0.27085883142717,190,3.118814854546176,5,-0.7112851149973574
766,0.03722346760122697,20,-0.8482523005069472,9,2.069888355178039
33,-1.7466798832781087,20,-0.8482523005069472,8,1.3745949876341899
835,0.2051488853511235,20,-0.8482523005069472,5,-0.7112851149973574
1040,0.7040577351877726,180,2.885457963072463,4,-1.4065784825412064
921,0.41444723211186413,60,0.08517526538790526,6,-0.01599174745350831
996,0.5969748601008821,50,-0.14818162608580787,4,-1.4065784825412064
693,-0.14043675697475053,60,0.08517526538790526,7,0.6793016200903408
1355,1.4706737727416481,60,0.08517526538790526,7,0.6793016200903408
380,-0.9021853911155855,60,0.08517526538790526,6,-0.01599174745350831
114,-1.5495500450499693,20,-0.8482523005069472,6,-0.01599174745350831
429,-0.7829340074960938,20,-0.8482523005069472,7,0.6793016200903408
1276,1.2784113379265492,90,0.7852459398090447,5,-0.7112851149973574
803,0.12727043074247582,60,0.08517526538790526,7,0.6793016200903408
159,-1.4400334682565585,60,0.08517526538790526,7,0.6793016200903408
540,-0.5127931180723472,20,-0.8482523005069472,8,1.3745949876341899
1094,0.8354776273398655,20,-0.8482523005069472,5,-0.7112851149973574
414,-0.8194395330938974,30,-0.6148954090332341,5,-0.7112851149973574
596,-0.37650582250721376,20,-0.8482523005069472,8,1.3745949876341899
30,-1.7539809883976694,30,-0.6148954090332341,4,-1.4065784825412064
690,-0.14773786209431125,120,1.4853166142301841,6,-0.01599174745350831
463,-0.7001881494744057,20,-0.8482523005069472,5,-0.7112851149973574
90,-1.607958886006455,20,-0.8482523005069472,4,-1.4065784825412064
825,0.1808118682859211,20,-0.8482523005069472,8,1.3745949876341899
1420,1.6288643836654637,20,-0.8482523005069472,6,-0.01599174745350831
763,0.029922362481666246,60,0.08517526538790526,7,0.6793016200903408
942,0.46555496794878914,60,0.08517526538790526,7,0.6793016200903408
1359,1.480408579567729,160,2.418744180125037,6,-0.01599174745350831
395,-0.865679865517782,50,-0.14818162608580787,5,-0.7112851149973574
1445,1.6897069263284696,20,-0.8482523005069472,7,0.6793016200903408
993,0.5896737549813214,60,0.08517526538790526,6,-0.01599174745350831
723,-0.06742570577914334,20,-0.8482523005069472,4,-1.4065784825412064
618,-0.3229643849637685,45,-0.26486007182266447,6,-0.01599174745350831
1329,1.4073975283721218,50,-0.14818162608580787,6,-0.01599174745350831
997,0.5994085618074023,20,-0.8482523005069472,5,-0.7112851149973574
1450,1.701875434861071,180,2.885457963072463,5,-0.7112851149973574
904,0.37307430310102,20,-0.8482523005069472,7,0.6793016200903408
293,-1.1139174395828464,50,-0.14818162608580787,5,-0.7112851149973574
666,-0.206146703050797,60,0.08517526538790526,8,1.3745949876341899
564,-0.45438427711586143,50,-0.14818162608580787,6,-0.01599174745350831
792,0.10049971197075319,80,0.5518890483353315,6,-0.01599174745350831
130,-1.5106108177456454,20,-0.8482523005069472,5,-0.7112851149973574
897,0.35603839115537833,30,-0.6148954090332341,4,-1.4065784825412064
1012,0.6359140874052059,90,0.7852459398090447,5,-0.7112851149973574
123,-1.527646729691287,20,-0.8482523005069472,6,-0.01599174745350831
141,-1.4838400989739229,20,-0.8482523005069472,4,-1.4065784825412064
1163,1.0034030450897622,20,-0.8482523005069472,5,-0.7112851149973574
758,0.01775385394906505,60,0.08517526538790526,6,-0.01599174745350831
140,-1.486273800680443,60,0.08517526538790526,6,-0.01599174745350831
340,-0.9995334593763952,20,-0.8482523005069472,6,-0.01599174745350831
87,-1.6152599911260157,60,0.08517526538790526,6,-0.01599174745350831
1389,1.5534196307633363,20,-0.8482523005069472,9,2.069888355178039
1179,1.0423422723940858,50,-0.14818162608580787,5,-0.7112851149973574
227,-1.274541752213182,60,0.08517526538790526,7,0.6793016200903408
645,-0.25725443888772204,20,-0.8482523005069472,9,2.069888355178039
1166,1.0107041502093228,20,-0.8482523005069472,7,0.6793016200903408
1242,1.195665479904861,20,-0.8482523005069472,7,0.6793016200903408
616,-0.327831788376809,85,0.6685674940721881,6,-0.01599174745350831
1118,0.8938864682963513,20,-0.8482523005069472,5,-0.7112851149973574
374,-0.9167876013547069,20,-0.8482523005069472,5,-0.7112851149973574
533,-0.5298290300179889,20,-0.8482523005069472,5,-0.7112851149973574
565,-0.4519505754093412,60,0.08517526538790526,7,0.6793016200903408
399,-0.855945058691701,30,-0.6148954090332341,5,-0.7112851149973574
1060,0.7527317693181774,50,-0.14818162608580787,6,-0.01599174745350831
220,-1.291577664158824,120,1.4853166142301841,7,0.6793016200903408
1365,1.4950107898068505,160,2.418744180125037,7,0.6793016200903408
1152,0.9766323263180394,20,-0.8482523005069472,5,-0.7112851149973574
1214,1.1275218321222944,80,0.5518890483353315,4,-1.4065784825412064
1271,1.266242829393948,40,-0.381538517559521,7,0.6793016200903408
329,-1.0263041781481177,75,0.43521060259847494,6,-0.01599174745350831
654,-0.23535112352903986,50,-0.14818162608580787,6,-0.01599174745350831
990,0.5823726498617606,60,0.08517526538790526,7,0.6793016200903408
622,-0.31322957813768754,60,0.08517526538790526,6,-0.01599174745350831
993,0.5896737549813214,60,0.08517526538790526,6,-0.01599174745350831
2,-1.8221246361802361,20,-0.8482523005069472,6,-0.01599174745350831
1254,1.2248699003831038,60,0.08517526538790526,7,0.6793016200903408
1383,1.5388174205242149,70,0.3185321568616184,7,0.6793016200903408
204,-1.3305168914631478,120,1.4853166142301841,6,-0.01599174745350831
679,-0.17450858086603388,20,-0.8482523005069472,8,1.3745949876341899
210,-1.3159146812240263,20,-0.8482523005069472,6,-0.01599174745350831
1254,1.2248699003831038,60,0.08517526538790526,7,0.6793016200903408
382,-0.897317987702545,20,-0.8482523005069472,7,0.6793016200903408
1370,1.5071792983394516,20,-0.8482523005069472,8,1.3745949876341899
8,-1.8075224259411147,60,0.08517526538790526,7,0.6793016200903408
48,-1.710174357680305,20,-0.8482523005069472,8,1.3745949876341899
1014,0.6407814908182464,30,-0.6148954090332341,5,-0.7112851149973574
140,-1.486273800680443,60,0.08517526538790526,6,-0.01599174745350831
651,-0.2426522286486006,60,0.08517526538790526,7,0.6793016200903408
305,-1.0847130191046035,75,0.43521060259847494,7,0.6793016200903408
969,0.5312649140248356,50,-0.14818162608580787,3,-2.1018718500850557
1080,0.8014058034485823,20,-0.8482523005069472,5,-0.7112851149973574
159,-1.4400334682565585,60,0.08517526538790526,7,0.6793016200903408
666,-0.206146703050797,60,0.08517526538790526,8,1.3745949876341899
99,-1.5860555706477728,30,-0.6148954090332341,5,-0.7112851149973574
1048,0.7235273488399345,20,-0.8482523005069472,5,-0.7112851149973574
1349,1.4560715625025267,20,-0.8482523005069472,7,0.6793016200903408
1129,0.920657187068074,60,0.08517526538790526,7,0.6793016200903408
917,0.40471242528578316,20,-0.8482523005069472,2,-2.797165217628905
41,-1.7272102696259468,20,-0.8482523005069472,6,-0.01599174745350831
98,-1.5884892723542932,20,-0.8482523005069472,4,-1.4065784825412064
1239,1.1883643747853003,20,-0.8482523005069472,6,-0.01599174745350831
623,-0.3107958764311673,20,-0.8482523005069472,5,-0.7112851149973574
1423,1.6361654887850243,120,1.4853166142301841,6,-0.01599174745350831
1337,1.4268671420242838,90,0.7852459398090447,5,-0.7112851149973574
968,0.5288312123183153,20,-0.8482523005069472,5,-0.7112851149973574
1319,1.3830605113069194,20,-0.8482523005069472,8,1.3745949876341899
696,-0.1331356518551898,20,-0.8482523005069472,6,-0.01599174745350831
884,0.32440026897061525,75,0.43521060259847494,4,-1.4065784825412064
885,0.3268339706771355,20,-0.8482523005069472,5,-0.7112851149973574
902,0.36820689968797954,20,-0.8482523005069472,5,-0.7112851149973574
548,-0.49332350442018524,85,0.6685674940721881,5,-0.7112851149973574
684,-0.16234007233343267,20,-0.8482523005069472,9,2.069888355178039
1051,0.7308284539594953,20,-0.8482523005069472,7,0.6793016200903408
333,-1.0165693713220367,20,-0.8482523005069472,8,1.3745949876341899
414,-0.8194395330938974,30,-0.6148954090332341,5,-0.7112851149973574
254,-1.2088318061371357,80,0.5518890483353315,6,-0.01599174745350831
314,-1.0628097037459214,20,-0.8482523005069472,7,0.6793016200903408
1454,1.711610241687152,20,-0.8482523005069472,5,-0.7112851149973574
174,-1.4035279426587548,20,-0.8482523005069472,6,-0.01599174745350831
1236,1.1810632696657395,70,0.3185321568616184,5,-0.7112851149973574
979,0.555601931090038,20,-0.8482523005069472,4,-1.4065784825412064
213,-1.3086135761044655,60,0.08517526538790526,7,0.6793016200903408
458,-0.7123566580070069,20,-0.8482523005069472,4,-1.4065784825412064
62,-1.6761025337890216,75,0.43521060259847494,5,-0.7112851149973574
211,-1.313480979517506,30,-0.6148954090332341,5,-0.7112851149973574
826,0.18324556999244135,20,-0.8482523005069472,10,2.7651817227218882
985,0.5702041413291594,90,0.7852459398090447,5,-0.7112851149973574
1253,1.2224361986765837,20,-0.8482523005069472,5,-0.7112851149973574
1053,0.7356958573725357,60,0.08517526538790526,6,-0.01599174745350831
582,-0.41057764639849714,20,-0.8482523005069472,8,1.3745949876341899
1420,1.6288643836654637,20,-0.8482523005069472,6,-0.01599174745350831
1417,1.6215632785459029,190,3.118814854546176,4,-1.4065784825412064
668,-0.2012792996377565,20,-0.8482523005069472,6,-0.01599174745350831
394,-0.8681135672243022,30,-0.6148954090332341,4,-1.4065784825412064
554,-0.47872129418106385,20,-0.8482523005069472,4,-1.4065784825412064
1190,1.0691129911658086,60,0.08517526538790526,7,0.6793016200903408
192,-1.3597213119413907,60,0.08517526538790526,7,0.6793016200903408
990,0.5823726498617606,60,0.08517526538790526,7,0.6793016200903408
982,0.5629030362095987,60,0.08517526538790526,8,1.3745949876341899
862,0.27085883142717,190,3.118814854546176,5,-0.7112851149973574
